Aamir,Ahmed,Male,21,aamirahmed@gmail.com,12345678,"New Jersey, United States of America"
Alex,Jones,Male,22,jones.alex@outlook.com,9876543,"California, Los Angeles"
Ankit,Paudel,Female,25,ankupanuthegay@gaymail.com,65432100,"G.B road, Delhi India"
Kim,Jong Un,Other,54,kimfatty3rd@northkorea.com,5544666,"Pyongyang, North Korea"
Rupesh,Dahal,Male,20,rupesh.py@gmail.com,1234566,"Kathmandu, Nepal"
hari,sadu,trans,22,xyz,7890,kandeuta than kjupondole
Mike,Hunt,Male,21,mikehunt123@gmail.com,5454665,ohio
Ram,Hari Bahadur,Male,69,rameyhancy123@gmail.com,694206666,G.B Road Kotha no. 64
Ramu,ji,Other,21,ramuji.handxom@gmail.com,123456,"Thamel, Kathmandu"
shriyog,sharma,Male,28,sg@gmail.com,8889990009,westminster
Jeevan,LoduChand,Male,69,sexylabh900@gmail.com,984214568,Black nigger dick
hello,%&,U,28,sjfd,67890,gthjkl
